time,frequency
2.59763,1
2.12518,2
2.09906,3
2.11519,4
2.21648,5
2.22356,6
2.10568,7
2.15035,8
2.071,9
2.02541,10
