time,frequency
2.40276,1
1.98461,2
2.33028,3
2.07172,4
2.08124,5
1.90365,6
2.12606,7
2.03647,8
2.00636,9
2.01708,10
