time,frequency
0.427634,1
0.376738,2
0.342802,3
0.477251,4
0.337124,5
0.395484,6
0.343954,7
0.413516,8
0.394433,9
0.334993,10
