time,frequency
0.443325,1
0.329737,2
0.358704,3
0.416852,4
0.375528,5
0.359256,6
0.374426,7
0.32185,8
0.361658,9
0.351869,10
